operatorID2,NumberOfPasses,PassesCost
aodos,3,7.799999952316284
egnatia,5,9.650000095367432
gefyra,3,7.099999904632568
moreas,1,1.0
nea_odos,3,5.700000047683716
olympia_odos,4,7.599999904632568
