operatorID2,NumberOfPasses,PassesCost
egnatia,88,246.399995803833
gefyra,69,193.1999967098236
kentriki_odos,72,201.59999656677246
moreas,55,153.99999737739563
nea_odos,63,176.3999969959259
olympia_odos,61,170.79999709129333
